ncRNA,ensemble prediction,RTDNA (sequencing values),RT/Cladea,Retron (sub)b,msr/msd familiyc,RT-DNA production,Bacterial Editing,Mammalian Editing Group
GAGTAACAGTCGGTTAGCTTCCTTCATGGGCCAGTCATGGCGAGTTGTTAAGTATGGCTGTTTGCGATAAGCTTTAGATACTCTTTAGCGTTGGACGGTTACGTCTAGTCGGGTGATTAGCCAGACTCTAACTTATTGAACGTATTAAGGGTTGCGAAAGTGTCGCAACCCGAGATCGTTCCTCTCTCGGGTTGCGACACTTTCGCTTCCTCAAGTAAAGAGTGAAGCCCGGCGTAAATGCGCCGGGCCATTTTCAGGTACTGTTATGTCTGTTATTC,,,1, I-A, IA/IIA1,57,25,1
TAGTTTGTCTTTTAGCGAATGAGGCATTTATGCCTAGTCGGGTGTTTAGCCAGACTCTAACTTATTGAACGAGATTGTATGCGATATCTGCGCATACAAAGCTCGTTCCTCACTTTGTATGCGCAGATATCGCATTAACTAGTAAAAGACAACCTA,,,1, I-A, IA/IIA1,93,32,2
GCTCTTTAGCGTTTTATGGATTTACCACCTGATTGGTCAAATCTAGTTGGGCGTTGCGCCAAACTCTAATTTATTGATTACATTTACAGTTGCGGAACAAACTTTTTGAGCCGCAATCCAGTAGGTTGCGGATCAAAAAGTTTGTTCCGCGGCTTCAAGTAAAGAGC,((((((((.........((((((((((......)))).)))))).(((.((((...)))).)))..(((((....))))).......((((((((((((((((((((((.((((((((.....)))))))).)))))))))))))))))))))).....)))))))),0.00003;0.00003;0.00003;0.00006;0.00006;0.00006;0.00006;0.00006;0.00006;0.00006;0.00006;0.00006;0.00006;0.00006;0.00006;0.00006;0.00006;0.00006;0.00006;0.00006;0.00006;0.00006;0.00006;0.00006;0.00006;0.00006;0.00006;0.00006;0.00006;0.00006;0.00006;0.00006;0.00006;0.00006;0.00006;0.00010;0.00010;0.00010;0.00010;0.00010;0.00010;0.00010;0.00010;0.00010;0.00010;0.00010;0.00010;0.00010;0.00013;0.00013;0.00013;0.00016;0.00016;0.00016;0.00016;0.00019;0.00019;0.00019;0.00022;0.00022;0.00022;0.00022;0.00022;0.00025;0.00025;0.00032;0.00044;0.00054;0.00852;0.04035;0.08481;0.13267;0.18220;0.23240;0.31842;0.96437;0.99509;0.99519;0.99547;0.99781;0.99794;0.99794;0.99800;0.99800;0.99800;0.99842;0.99873;0.99892;0.99895;0.99895;0.99895;0.99899;0.99899;0.99899;0.99899;0.99899;0.99899;0.99899;0.99899;0.99899;0.99899;0.99899;0.99899;0.99899;0.99899;0.99899;0.99899;0.99902;0.99905;0.99911;0.99911;0.99914;0.99921;0.99921;0.99921;0.99921;0.99924;0.99940;0.99940;0.99940;0.99946;0.99946;0.99952;0.99952;0.99959;0.99962;0.99962;0.99975;0.99978;0.99984;0.99984;0.99984;0.99984;0.99984;0.99984;0.99984;0.99984;0.99987;0.99987;0.99994;0.99994;0.99997;0.99997;0.99997;0.99997;0.99997;0.99997;0.99997;0.99997;0.99997;0.99997;0.99997;0.99997;0.99411;0.00481;0.00358;0.00342;0.00342;0.00342;0.00339;0.00339;0.00339;0.00339;0.00339;0.00320;0.00301;0.00301,,,,26,78,2
ACTCTTTAGCGTTAGGCTTTGATTTATAGCCTTGTCGAGCGTTTCGCCAGACACTAACTTATTGAGTACTTTTAGGGTTGCGCTAGAAAGTTTTCTACCGATCCTAGAAGTCTCTAGGATCGGTAGAAAACTTTCTAGCGCCTCCTCTAGTAAAGAGT,((((((((.....(((((.........)))))((((..(((...)))..))))...((((...)))).....(((((..(((((((((((((((((((((((((((((....)))))))))))))))))))))))))))))..)).))).)))))))),0.04947541;0.050365995;0.051252061;0.055244473;0.055447209;0.055584072;0.056083939;0.060011076;0.061293575;0.066451074;0.068765541;0.068779697;0.06902963;0.069774911;0.070170746;0.072127326;0.072330062;0.072584515;0.072838968;0.072961675;0.076968841;0.077897375;0.078085955;0.078477271;0.078784038;0.082183593;0.082244947;0.083810599;0.085442333;0.086111894;0.087408549;0.087422705;0.087545412;0.088960044;0.0889742;0.089403465;0.092949845;0.093025355;0.093086708;0.093148062;0.093878977;0.094143066;0.094553058;0.09476543;0.096755051;0.10050423;0.100758683;0.100744915;0.101994551;0.102654863;0.103716129;0.104942181;0.106399492;0.107432235;0.108423108;0.112899427;0.118457513;0.128626446;0.137511926;0.147194706;0.16133944;0.171904668;0.212845559;0.788013877;0.85763321;0.863434518;0.863628005;0.872717277;0.873863867;0.874109249;0.874401829;0.874812209;0.875515168;0.896233888;0.906827636;0.908747997;0.911838677;0.911900031;0.912178276;0.916207043;0.916947804;0.916947804;0.91696196;0.91696196;0.917174332;0.91766516;0.917792386;0.917929249;0.918066112;0.918971451;0.913990314;0.908308063;0.904916424;0.898379;0.893862161;0.832784966;0.80458381;0.804159484;0.79478861;0.789627964;0.77427495;0.773921405;0.771545679;0.765837706;0.731965929;0.59435147;0.58492866;0.568683028;0.566683812;0.568565751;0.564636559;0.561947995;0.558445277;0.557247778;0.550864676;0.536071793;0.539968666;0.536010627;0.532262558;0.531598114;0.530551455;0.525529958;0.522123218;0.519184868;0.508125248;0.511478182;0.486062933;0.484667458;0.480342114;0.478134385;0.476734359;0.46617752;0.462424482;0.456100522;0.451493505;0.445858055;0.44136824;0.440793073;0.439015049;0.43435512;0.426104907;0.422628709;0.419379219;0.415203775;0.366477445;0.061146437;0.049140677;0.03739772;0.034040695;0.033965186;0.033111564;0.025404127;0.025003175;0.024880468;0.024880468;0.023082961;0.022856432;0.022564031,,,,2,38,2
GGGCTCAATTACGCGCGGTAGCAGACATTTTTTTGCTATCAATTGTCGGGCGTTTCGCCAGACTGAGCTGTAGTGGACTACAACAACGGCACGAAAGCGGCATGCGCCGAATCCGTGTCCAGTGGGTCCCGATTCGGCGCATGCCGCTTTCGTGCCTATCTTCAGGTAATTGACCT,,,,,,21,60,4
CCATAATCTTGAGACAAGCAGCTTGATTGATGCAAATCATTAAGTTAGTGTATAACATACTCTTTACGCGATAGAGGCGTATCTGCTTCATCTGGTGTATCACCGGAACTTGTTGATTGTGGTCATTTATGCCACGGCCTTCCCAAAAATCTTCGATTTTTACTCAGGCCGTGCCCTTCTAGGTAAAGAGCAGAACCCCGGTTTACCGGGGTTTTTTATAACATAAGCGGCT,,,,,,73,17,4
TATCCTTAGTTTGAAGAAAGTGCCTCGGTATTTTCTTTTGTGGTTGGTGTATAGCCGACCCGTTCGTATTGTTCGGAATTGTAGTACGTAACTACGTAAATTCCGAACCGCTCGGAACTCGCTGAGCGTAATTTACGTAGTTACGTACAGTCGCAGGCTCCTCTAGTAAGGATA,,,,,,22,36,3
AAAGCCAGACCTAGCAATTTATGGGTTAATAGCCCATCGGGCCATGAGTCATGGTTCCGCCTAGTATTTTAGCAATGCCCGTCGTTCAGTTCGCTGAGCGGCGGCTGGGGGCCACCGCTCAGCGAACTGAACGACGTGCTCAAGTAGGTTTGGTTTT,,,,,,64,38,1
AGAGCCAAACCTAGCATTTTATGGGTTAATAGCCCATCGGGCCATGAGTCATGGTTTCGCCTAGTATTTTAGCTATGCCCGTCGTTCAGTTCGCTGAGCGGCGGCTGGGGGCCACCGATCAGCGAACTGATCGACGTGCTCAAGTAGGTTTGGCTCT,,,,,,0,77,4
AGAGCCAAACCTAGCATTTTATGGGTTAATAGCCCATCGGGCCATGAGTCATGGTTTCGCCTAGTATTTTAGCTATGCCCGTCGATCAGTTCGCTGAGCGGCGGCTGGGGGCCACCGATCAGCGAACTGATCGACGTGCTCAAGTAGGTTTGGCTCT,,,,,,87,47,4
TAAATTATTTTTTTAAATTAATATAATGGGAAGTGAGTCACTAACCCTTATTTGGGAACTAAATTTCAAGCTCAATGAGCTTGTAACTAAGCAAAATCTACGATATTTGCTTAGTTAAAGCTCATTTTTCCGTTTGGGAGCTATGCTCCCAAACATAAAGGAAATAAATAATCATGAAAGATTTTGAATTATATAAAAAGCAATTTA,,,2, III-A1, IIIA1,34,49,1
TTTTGTTCCTTCACTTGATGAGTTGCCAGATTAAATAATTATATTTAGATTTGTTTTGGTATCTGATTTCGGATACCATTATAGGGAATTTGACTTCCGAGCAGTTCCGATTCAAAAGATCCTCCAGAGTCGTCCCTTTTGAATCGGCCTTCCAAAATATGGGACCAATTTATTTGGTCCCTTTGAGATTATTAAAATATGGATTTTATTAGTTATAAGCATAAATTTATATTAGAAGCACAAAA,,,,,,74,97,3
GGATTTCTCCAAAAATTGATGAAATAATTTCTCCAATCCAAGAAAATTATATATATTTGCCGAATAATACAAAAAGTTTAAAATAACATATCAATTTGTCCTAGGGGGCAAGCGGTTGTATGAGTCATACTGCTGTATAGGTATAAGGTTTCAAGCGATTCAGGCTTCTAATGTTGTTTCAGCGGTCAGAGCCCGCTTCCACAACATTAGAGCCTGATGTCAGAAGACAAAGATGTCAGGAGGCTAGCAATGCTAGCCTCCTAAAAAGATTTTAAATAATGGACTTTAAAGAATATAAACGGCTTTTTACAGAAAAAGCACAGAATAATGGGAGGGATTC,,,,,,36,63,3
TTGGACATCAGTCATTCGCTCAGATTCATGAGAGAGTTAGACCCTAGCGGCCAGACCGCAGGATGAGCGAGTCGCGCATCTGGAACGGACCTTACTTTAGGCCCACCCAACGAAAACGAATTTTTCACATAGTGAAAAATATAGTTTTCGTTGTAGCGCCCAAAGGGCGCTGTCACCCAAAGGGTGATGGATATTTTAGTAACTGGAATGGCTGATGTCCAA,,,,,,40,25,2
CGGCCTCACTAGCCTTAGTGGCTTAGCCACGGAATGGCGAGTCGCCATTCTGGGGAGAACTTGCTTTCAAGCCCAGGCGAAGATTCACCAACTCTTGGAAAGAGTTGGCGAATCTTCGCCCCGCTTCCGCAAAAGCCTCCAGCCCCGAGATGCAGGACAAATCCTTGCATCTCGTCCTTGAGGGCCGAAATGCAAGGATTTGTCCTGCATCTCGGTGATTATGTCCGTATGTAGTGAGGCCG,,,,,,77,8,1
GATAGAGGCAATAGCTTATCCGGGGAATCTTATCCGGATCCGCTGGCGAGTCGTCACCGGATAATCGATATCTGAGCTATAGACCCTAAGTTGCTCCGAAGTACCTCAGCACACTTCGTGTGCGACGCCTTTGGCTGAGTACGTCTGCGCACCTTAGGGTATCGTTTTATAGTATTGCCTCTATC,,,,,,46,27,4
CGCCAGCAGTGGCAATAGCGTTTCCGGCCTTTTGTGCCGGGAGGGTCGGCGAGTCGCTGACTTAACGCCAGTAGTATGTCCATATACCCAAAGTCGCTTCATTGTACCTGAGTACGCTTCGCGTACGTCGCGCTGACGCGCTCAGTACAGTTACGCGCCTTCGGGATGGTTTAATGGTATTGCCGCTGTTGGCG,,,,,,54,77,1
TTTATAAAGTAACTTTGCGATAAGCTAAATTTTTCTTCATTGCATTTCGTAAAATTCAGCTCATCGTTAACTTACTTCACAAGTTTCGTAAGTTAAGTACTTCAAAACCACCAGCATAAAAGGTGGTTTTTTTAGGAGGTAATATGAATCCAATATTGATAAGCGAACAGCAAATTAAGTTGCTTTTTAAA,,,,,,51,3,2
TTTTGTTGCATTATTCTTAGCGCACCAGCGATTCGCTTGGTATGCGGCAGTCAACAACATTAAATTGTCAGTTTTTGCTTTTACAAAAAAGCGTCCACTATGGACCTATCAGCGAGGCCCCACCGTCGTCAACTACGATGGTGCCGTAGCCGACGACATTACGTACGGTCGAAAGATAGCAGAG,,,,,,52,74,1
AATGAAGAACTTACTCTCTCTGTGCGTATGCTCTAATAAAAGCTCACCATTTGGTCTGGCACCCAATTCCGGGTAACTAAATGTGGAGGTGCAATATGCACATTAACTTTGAAATAAACTTAGCTATTTGTTGTAGTAAAAAAAGAGATGACTATTCCACTAGAGATAGTGAACTAGTTCATAGACGTAAAGGAGAGAGGGTTAAAGCTAGGAATAGATTGCCTATTGGGTATATCTTACTAGGTTTGACCGTTCTAGAAGGAGTGTTAAAGCTTCTGACAGGATAAAATAAGTTCTTCATT,,,,,,45,94,1
TGGACACCTTCAAGTTCCTTTCGGCCTAGAAGCTTCGCGGCGGGGCAATTCCGCCTTGAGGAGCTGTATCGATGAAATATTTGAAGAAAACTTGTCGCCCTAAAGCGGCAAATGATGTGCACAACAATGAAGGTGTCCG,,,,,,4,100,3
TGATTGTAACACAGGAGAAGAAGATAAAAAATTTGGCAAAATGGATTAAAGCCATTGCTGAATTTATAAAGGCATTGATTCAATTATCAAATGCAATGAAGCCTTTGATAGAATGGTGCAAATCTTTTTTTGAATTGTTATAATCA,,,,,,18,49,2
TTAATATCTCTAACTCTTATCTTTCTGAAATTGAAAGTGGCAAAAAGCCTCCAAGTATTGAGCTCCTACAAAGCTATGCGACAGTATTTGATATACCTGTCTCTTCTCTTTTGTATTTTTCTGAACAGTTAGAGAACGAAGGCAAAATCTCTAAAAGTTTTAGGATTAAATCGGCAGGATTTGTTTTAAAGCTTTTAGACTGGAGTATTAA,,,,,,99,1,1
GCTTCTTCTTCGATAGAAGCTGGAGGGCTCAAATGAGCTGACGCATGCCGTCACTTGCTCCAGCAAACACTAGCTCGGATTGTCTTGCGTCCGCTAAGCCGCTTTAAGCCTCACGGGGTGTAAAGATGTTATTGGTATCGAAGAGGAAGC,,,,,,38,68,2
GAGAAGCTGATCAGCCCATGGTGAAGTTCAGGGCTACTTATGCTAGTCGACATGGGATTGTTCCAAACAATGACAACCTGTGCTATGCCCAATAACGGAGCAGCTCGACGACAAGGTTAGAGGTGCGAGTCGCATCTGCCTATTACGGAACCACTTGCTACGTGTGTCTTGCTGCTCCGCCTAAGAGATTTAAAATGGCATTTGATTACGATTTACGACGCATAAAGACAAAAGGTCAGCTTCTC,,,,,,95,51,2
AGAGGTCAATTTTTTCAGTAAACTTGAGAGTATGAGTTCGTACTCGCACAGGCGTAAATTACAAAGTTCTACCTTACTGACAGATTGGCCTCT,,,,,,4,87,4
ATGTTTAGTGGTGACTAGACTTTTAGCAAGTGCTAATCGAAGTAAGTATGTATTTAATTCTTATTTCAAAACCATAATGATGATTCTGCCCAAAATTGCAGAACCATCCTCACCTTTAAATTAAGAATTAAAACCCTAAGAACTTCTTAATTTAAAGGTGAAGTAGTCACTAAACAT,,,,,,12,15,4
TGGGTGACTAGACTTTTAGCAAGTGCTAATCGAAGTAAGTATGTATTGAATTCTTATTTCAAAAGAGAAATGGTAATTCTGTAGAAACCAACAGAATCACCATACCCCTTTAAATTAACAATTCATAATTTAAAGGGGAGGTAGTCACCTA,,,,,,43,32,3
ATAATGAGGGTAGTTAGCAATCTATAGCAATGTGCTATAGTAGGTAGTTTCTATCTTAATCAGTGATGTCATCAAACTGAAAGCGAGTTTGATGACGGCTCTGTTTAAGAAGGACGCTTAAACAGACCGTAACTACCCTTTTTGT,,,,,,97,92,1
TAAAACCGGGAACGATCAGACCGGGGTGAATTCGCCCCCTTGATCAAACGGCACTAACCACTGTTTGCCGTGCGTGCGTCTTGTTCATTTCATTCTCTGCGACGCACGCACGGCAAACAGACAGATCCATTATTATTACAATTTATTTAGTGATCGTTCCCGGTTTTA,,,,,,71,14,1
AAGAGAACAACTAGAATGAGGTGATTCACCTCCTTGTTTAACGGCACTAATTTTTACACTGTAATTTACTAACGTAAATTACAGTGTAAAAGATCATAAGTAGTTGTTCTCTT,,,,,,54,71,2
GTGGGAGCCTCAGGCGAGGGTGTGTATCATGCCCGTTCTGCCAAGACCCACCAAAGAAGGGCACCGTGGAGGCACACGGCGCTCCTTCGAAGCACCGCGTACCTCCACGGTGCAATGCGAAAGCAACTTGAGGCTTTGCTTAGTATGAGGCTCCCAC,,,7, IX, IX,30,62,4
GGTAGTGGCGTTCACGAGGGTGTGTATCATACCCATTTGTGAAGGTCGCGTACAGAATGTGCGCCTGTGAAGCAGCAGGCGCTCCTTCGAAACGCCTGCTGCTTCACAGGCGTCATCAACGAAAGCCTCATCAGCTTTGCTTAAGGACTGACCTGGATGAAAACGCCACTACC,,,,,,1,57,2
GGTAGTGGCGTTCGCGAGAGTGTGTATCACACTCATTTGCGAAGGTCGCGGAAAGAATGGGCGCCTGAGAAGCAGCAGGCGTTCCTTCGAAACGCCTGCTGCTTCTCAGGCGTCATCAACGAAAGTTTTCATCAGCTTTGCTAAAGGATGGACCTTGTGAAAACGCCACTACC,,,,,,36,9,1
TGACCTGGGGTTCCCCCCGGAACCTTAGCTACTTTGGTTTCGCTTGGCGTCTATTTTGACTCCACGAGACCTCCCTGGGCGTTTCGCCCCGGGATACGTCACACCGTCCTTCGCAAGCGGATCGGTGCAGAGCGCACCAATCCTCGCGCGAGACGGCTCGCGACGGAGGACGCGCCGCCGGCGGCGGCTCATCGTCCTCCTGCTCGCCTCGCGAGGATTGGTGCGCTCTGCACCGATCCGCCAGCTCCGGAACGTAAGGCATCCGGGGAACTCCAGGTCA,,,,,,91,71,4
GAACTCCGTAGCAACTCGTCACAGAACGCCCGATTTTATCAATGTAACCATCAACAGCTAAGGCACCAGAACAATAGATGGATAGATCGGCGCCCAACTGAAGCATAAGATCGCTACCGCAAGGTCCACTGAGATGCTATGCTCGCCGTGGACTCGCGGACAGATTTTTTGCCATCGATTCATGGCATGTGAAACAAATGTTCCGAGATATGCCCTCGGATGTCCTCTGTGTAGCAGTAGCGCGGTGTATC,,,,,,87,79,3
AGGCTTGCGGATAGATTCTGCTATTGTGTTTCGCGATAGTTGATACCAGTGCGCGGGGCATTGCCCTACGCATTCCTTACGGACTGTTCACCCATGGTCCGATGACTTGGCAAACGAGTTTCCGCAAGCCT,,,,,,17,85,4
GCTTACAGGCAGATTTATTATCGTGTTTCGCGATATATGATCCAAAGTCAGGCACGCTGCTCCCTATGATCCATGATTGAAACATATGGCCCATGGCCTATGCGACGCGTAGGAGTGCCTGTAAGC,,,,,,29,18,1
GTCCTTTGGAAAGATCTTTAAATAGCGTATCGCTATTTGTTTTGAAATTGGGCTTAGGCTCTTCTTTTGTCCAGCAATACTTTGCGGTCAGTGCTTAGTCACTCTGCACGGTTGTTGACCATTGAGTTTCCAAAGGAC,,,,,,87,30,2
GATGGTTTATGGGCAGATTTTTGGTCGCGTTTCGCGACCTGTGAAAAAATTGTTCGAGAGAACTGCCTATTAGTAGATTATCATCATTATGAGGCTACCTGAGAAAAGTGCCTAGGAGTGCCCATAAACCATT,,,,,,55,65,2
ACGCATGTAGGCAGATTTGTTGGTTGTGAATCGCAACCAGTGGCCTTAATGGCAGGAGGAATCGCCTCCCTAAAATCCTTGATTCAGAGCTATACGGCAGGTGTGCTGTGCGAAGGAGTGCCTGCATGCGT,(((((((((((((......(((((((((...)))))))))..(((.....))).(((((.....)))))......(((((....((.(((.((((.....))))))).))..))))).))))))))))))),0.002000257;0.002000257;0.002016815;0.002016815;0.002016815;0.002016815;0.002683567;0.002683567;0.002683567;0.00335032;0.00335032;0.00335032;0.00335032;0.00335032;0.003366877;0.003366877;0.003366877;0.003366877;0.003383434;0.003383434;0.003383434;0.003383434;0.003383434;0.003383434;0.003383434;0.004033629;0.004033629;0.004066744;0.004083302;0.004733497;0.004733497;0.004733497;0.004750054;0.004750054;0.005400249;0.005416807;0.005433364;0.006116674;0.006149789;0.006182903;0.006199461;0.00756608;0.008448079;0.017444468;0.027649546;0.038769737;0.049471537;0.062302867;0.070069552;0.097626127;0.867458885;0.907218879;0.913392868;0.91649037;0.919923477;0.923323469;0.925973921;0.927340541;0.927439885;0.929423585;0.930106895;0.930106895;0.933390985;0.936107667;0.938157596;0.938956808;0.938956808;0.941756277;0.943855878;0.94458886;0.94458886;0.94527217;0.94527217;0.945288728;0.9453384;0.945988595;0.953857165;0.957841122;0.958507875;0.958507875;0.95984138;0.960508132;0.960508132;0.960508132;0.961858195;0.964574876;0.967842409;0.968509162;0.969175914;0.969175914;0.969192471;0.969842666;0.970492862;0.979645265;0.980962212;0.98748072;0.988130915;0.988130915;0.98878111;0.989431305;0.99534929;0.99534929;0.9960326;0.9960326;0.999333248;0.999333248;0.999333248;0.999983443;0.999983443;0.999983443;0.999983443;0.999983443;0.999983443;0.999983443;0.999983443;0.999983443;0.58580919;0.089286242;0.085169825;0.067465542;0.067465542;0.067465542;0.064181452;0.060263725;0.060214052;0.058164123;0.058097893;0.04436101;0.042911604;0.042911604;0.042911604,,,,84,74,1
TTGTGCACGGTTAGATTTTTTACTCATGTTTCGTGAGTATTGACAAGAACGGTACGATATGTGCTCTTTACGCGTCTCCCGAACACTCACGCTATACTTTTGGGAGATTACGGGTTACACTGCCTAAAGAGTAACCGTGCACAA,,,,,,100,85,1
ACGGGGTCTCCCCCTCGCATACGCGCTGTAGAAACTGCGGCGTAAGAGTCAAAGTCTGCACCTATCGTGCCCGCCGAATGCCCTTGGGTGCACCGGCGTGATTGGAAGGGGACCCCGT,,,,,,49,34,4
GAAGATATTCAGGGTCTCTGTTTTTCGTTAGCGTTACGCAACGGAGTTTTTAATGTGTGAGGCATATGCTGCGTGATCGCTTTTGCGTTGTCCTCGTATACACGCCTTTATTATTCTGTATATGTCGCAGAAGGTAGAGTTTCCCTGTATATCTTC,,,,,,49,20,3
GCCTCCATTCAGGTATTAAATAGGGTTGTTCAAATGCGACCCGATTCAAAAAAGCCACAAGCAACGGCACTCAGCGACTCTGAGACGTTACGCTCAAAGGAATAGGGTGAAATATGAATGGAGGC,,,,,,92,8,1
GCTGAGAATGCCGCGCGATGTCTAGTGGTTGCCGGTTGCGGCACCGTTGGGGCCATCGTTCAGCGATGGACGAGGTCTCTGGGCCGTCGATTGCGACGTGCTCACGGTCAAGCTGGTGCTTGATGCTAACCTCGATCGAAGCACACGACCTGCGGTCGGCGCTGCGCGTGCCTCGCTTGTGCTCCGATCGAGGTCACCCTGTCGGGTGAATAGTAGATGAACGATTGGCATTCTCAGC,,,,,,14,7,3
AACGTTGAGGAGGCCATAATGTTTCATTTAGCGTTAACACAAGTAACTACCATTACTTGTCAGGAGAAGTGTATACCTTTCCTGCGGGCCATATATTTTATGTGCTCATGTATTAGCACTCGCAATAGTGTAAGCAAAATCACGACGATCCCGACTTCGTCGGCTCGATCGTGGTCTTTCTTATCGTCGCGATTTTACTTACCCCTCCGGGGTCAAAGTAAATGAAACAATGGTCTCCTCAGCGTT,,,,,,8,94,1
GTTGAGGAGACCATAATGTTTCATTTAGCGTTCGCTCAAGTAACTATTACAGTTACTTGTCTGATTAGTTTTAAACTCAATCAGTCGGCTATATTCTATATAAGCCCAAGTAATAGCTCTCGCAAAAGAGTAACCAAGATCACGACAATAGCGACTAAAGTCGCTCGATTGTGTCCTCACTTATTGTCGCGATCTTACTTACCCCTCCGGGGCCAAAGTAAATGAAATCATGGTCTCCTCAGC,,,,,,61,80,3
GTATGAGTCGGGCCATGAGGCATGAAGACTAGTGTTAACCATGCGGCTTACGTATGGTGCATTACAGGGAAACCTGTAGTGTTCTCATTTAACTTTTTGTTAAATGAACTGTATTCCAAAGTTCGCTTTGTAATACAGTTTTGCTTTAAGGTTAATTTAAAGTAATGGAAAAGGCCTCGCTTTAATTCGCGTTTTACTGCTAAAGCAATTTCGGTCGTAGCCTTGGTCATTTGCTTTAGCAGTAAAATGCAAGCATCAAAGGTAGTTTTATGGCAATTGGACCGGCTCATAT,,,,,,8,74,3
TGGGGTTCCGTCGTGAAACTTAGTTGTGGTAGATACATATATAGTGTATCAACTGCCATTGGCAGCCTACGATTCCGTTTGAATGGTTTGACAGGATGCCAACGAGCACGGATTCCGTCGCTCTTTGTAGTAGCCTTCGCCAGAGTGAGTAGTGATGTGCGCGTTTGCGCGCGTTCTTTTGCTCTGGGGCAACGAAGCCTGTGCGCAAACGCGCGCATCACGACCTCACTTACGTGAGGTGAAGTAAGTGACTCAATGGAACCCCA,,,,,,84,73,4
GGCTTCAGCAGGGCTCGGATTTCCGCAGTCCAATGGCATAGCTTTCGATTGAGTGGCGCACAGGCTACCGAATTTGAAGATCGCGCTTCGCTTGAGGCTGCGGCCTCCTCTCCAAATTGGCAGCCTGCCCCTCACTGCGTGAGGTAAAGTAAATGACTCGTTGGAGTC,,,,,,92,76,1
AGCTTACAGAAGCTAGTACGTTGGAGTGTAGTCGCTCCCCGGGCTAAGGTGCCCGTTAGCCAAGACATACAAAAGCAAAAGCGAAAGGAAGCTTTTATTTTTGTATGTACCTAAAGATTTGAAAAAAGACTCAAATCTTTAGGTAGTACTAAAATCAATCACTTTTTGCGCACGCGCAAAAAGCAATTGATTTATAGTACGCTTGCAAGTACAGAAGGTAGTTTCTGTAAGCT,,,,,,61,72,3
GGCTGCTCACTGCTAGTGAGTATAGGTGTATCGCCTATCATTATGTTGAGGTTTATTTTAACCTCATTACATTCTAAAAAGACGTTGTTGTTCGTGGCGGTGAGTAGCC,,,,,,20,95,3
GCTACTCACCGTTAGTTAGAGCGGGTGATTCGCCCGCCATCAATAAGGCTCACTTTAACCTCATTGATTCTCTACCGGGTTTCGTGACGGTGGGTAGC,,,,,,53,45,3
TGTTCAAAGGGCTGACCTAAAGAGTTAGCTATGTTATCTGGAAACAGATATTCTCGGTGCCTTGTGCCGAGAGATTTTAAGGATCCTTTAGTACCAATATTGGTCTACATTCTGCTTGAAAAATTATCATTGCAGCCGCCGGATTCCTTCCAATAACAATTCTCCAAGAAGAATACATATCATACACCCAAGTAAGAAGTAACTATGAAGTCATTCCCCTTTGAACA,,,,,,30,66,1
GGCGAGAGGCAGCGTGAACTTAGTCGAGCTCGACGGCAGGATTGTCGGGCTTGGGCAGAGTTGCTCTGCCCCGGATGTGCACCAACTCCAATGTCCAGGCGAGGGTTTTCCTACGGAAAACCCTCGCGACGCGGCCAGGCTGAGCCTTCGGCTCATTTGGCCGCGTGGCGGCTCGCACGCTCGCCGCCAAGTACATGAGTAAGGAATCGCTGCCTCCTCGCC,(((((.((((((((....((((.(((((((((((((.....)))))))))))((((((((...)))))))).((((((............))))))..(((((((((((((...))))))))))))).(((((((((((.((((((...)))))))))))))))))((((((..........))))))........)).))))....))))))))..))))),,,,,24,56,4
TGCGCACCCTTAGCGAGAGGTTTATCATTAAGGTCAACCTCTGGATGTTGTTTCGGCATCCTGCATTGAATCTGAGTTACTGTCTGTTTTCCTTGTTGGAACGGAGAGCATCGCCTGATGCTCTCCGAGCCAACCAGGAAACCCGTTTTTTCTGACGTAAGGGTGCGCA,((((((((((((...(((((((.(((.....))).)))))))((((((((...))))))))..........................((((((.(((((..(((((((((((....)))))))))))..))))).))))))..((((......)))))))))))))))),0.00030114; 0.00030977; 0.00031463; 0.00031463; 0.00031463; 0.00031463; 0.00031463; 0.00031949; 0.00032922; 0.00035794; 0.0003628; 0.00040015; 0.00040392; 0.00044504; 0.00044881; 0.00044881; 0.00044881; 0.00044881; 0.00044881; 0.00044881; 0.00044881; 0.00047753; 0.00047753; 0.00052242; 0.00052242; 0.00052242; 0.00055114; 0.00055114; 0.00055114; 0.0006199; 0.00062367; 0.00065616; 0.00068974; 0.0006946; 0.00070323; 0.00071831; 0.00072962; 0.00074956; 0.00082645; 0.00083994; 0.00086424; 0.00092654; 0.00095085; 0.00096057; 0.00101736; 0.00106066; 0.00114285; 0.00118397; 0.00119637; 0.00129756; 0.00130728; 0.00132077; 0.00138794; 0.00148273; 0.00162241; 0.001637; 0.0016927; 0.00173049; 0.00175857; 0.00187325; 0.00203912; 0.0021099; 0.00230856; 0.00259829; 0.0079932; 0.0305638; 0.05472447; 0.08398425; 0.10835196; 0.13010533; 0.17454993; 0.65512962; 0.67422049; 0.97018401; 0.98966974; 0.99490492; 0.99500854; 0.99524044; 0.99724907; 0.99846801; 0.99855729; 0.9993451; 0.99936127; 0.99952606; 0.99955964; 0.99968736; 0.99969222; 0.99969222; 0.99969709; 0.99969709; 0.99969709; 0.99969709; 0.99969709; 0.99969709; 0.99969709; 0.99969709; 0.9996635; 0.99534052; 0.9941682; 0.99269307; 0.99269307; 0.99269307; 0.98884762; 0.98838915; 0.98474484; 0.98474484; 0.97910319; 0.97909347; 0.97832561; 0.97778544; 0.97778058; 0.97699099; 0.97655547; 0.97634401; 0.97616345; 0.97596756; 0.9758682; 0.97562807; 0.97562807; 0.96410287; 0.96356756; 0.96195922; 0.96155481; 0.95995569; 0.95966165; 0.95938676; 0.95897774; 0.95799089; 0.95798444; 0.95792512; 0.95766287; 0.9572842; 0.95738206; 0.95738206; 0.95725934; 0.95706083; 0.95705706; 0.9558414; 0.95531735; 0.95531735; 0.95531735; 0.95531735; 0.9552349; 0.95508391; 0.95488208; 0.95436942; 0.95406659; 0.95371346; 0.9532575; 0.95288697; 0.95197353; 0.94992497; 0.94949947; 0.94938488; 0.94810516; 0.94809762; 0.02766267; 0.00416632; 0.00406681; 0.00403809; 0.00403323; 0.00400074; 0.00395744; 0.00390123; 0.0038116; 0.00380783; 0.0037868; 0.00367569; 0.00359141;,,,,93,75,3
AATCGCATGATTAGGACAAAGTTGTTAAGTGTGGCTGAGTGAGATAAGCTTGAAAAACTCTTTAGCGTTGGACGTCTTACGTCTAGTCGGGTGATTAGCCAGACTCTAACTTATTGAACGCATTAAGGGTTGCGAAAGTGTCGCAACCTGAACTCGTTCCTCCTTCAGGTTGCGACACTTTCGCTTCCTCCAGTAAAGAGCCGAGCCCGGCAGAACCCACTCGCCGGGCTTTTTACAGGTAAAGTTATGTCGGTT,((((((((((((..(((......))).(((.(((((................................(((((((...)))))))...........))))).))).....................(((..(((((((((((((((((((((...........)))))))))))))))))))))..)))((.(((((.....(((((((((...........)))))))))))))).))...))))))).))))),,,,,3,64,3
TTGAGCATCGAACGTTCACTCAGATCAGAGACAGAGTTAGACCCCAGCGGTAATGCCGCAGGATTGGCGAGTCGCCAATCTGGATTGGATGGCACTTCAGGCCCATTCAATGGAAATGAATTTTTCACGGAGCGAAAAATGTAATTTCCATTGAAGCGCCTAAAGGCGCACTACCTGAAGGTAATGGTTATTTAGTAACTGGAACGTTCGATGCTCAA,.((((((((((((((((.(((......)))................(((((...))))).(((((((((...))))))))).............(((((((....((((((((((((..(((((((.......)))))))...))))))))))))(((((....)))))....))))))).....((((((...)))))).)))))))))))))))).,,,,,85,60,2
AGGTAGCCCTATTAGAACTTTATGTGGTTTTATGCCACAGGTTTGGCGAGTCGTCAAGCTAAGAAGAACATTATTTACAAGCCTTGGTGATCATAACTTTTCCCTCCGACGGAGTCTACAGAAAAAGTTATGACCACCACTCCGGCTGATGCCTACGTGACACTTGATTGAAATTAAAGTAAGAAGCTAGACTGAATGTATTTCAAAAGGCAACTTTAATTTCAATCAAGTGAGAAGATAGAAAATCTGATTTGGTAATATGGGCTACCT,((((((((((((((........((((((.....))))))(((((((((...)))))))))........................(((((.((((((((((.(.((((...))))......)..)))))))))).)))))....(((....))).......((((((((((((((((((((.....(((....((((.....))))...))).))))))))))))))))))))...((((.....)))).......))))).))))))))) ,,,,,76,52,4
ATTTCAGGTCTTTTACATCAATACCTACTAGACTTATGGTTTTTTTAAAAAAAAAACCAGGTATGGTGAGTCACCATGCTAAGAAGAACTTAATTTCAAGCCCTGTGTAATACATTTAACGCGTCGGGAGACGCTATATAAATGTATTACACAACCTTAGGCTTGCGCCACGGTGTACAATGAACATTTTGACGAAAAGAGTATCAAAATGTTCATTGTGGAGGATAGAGACGTGATAGTGGTAAGTGTATGGATGTAAGAGCCTGTAAT,....((((.((((((((((.((((..(((.......((((((((((...))))))))))(((((((((...)))))))))................((((((.(((((((((((((((..(((((....)))))....)))))))))))))))......))))))..........(((((((((((((((((...........)))))))))))))))))....................)))....)))).))))))))))))))....,,,,,4,58,4
AGCATGTAGAGAGTGGGTGTTCAAGTTAGCACATGCCGAAAGGCAAGGCCGGCGAGTCGCCGAGCCTGAAGCGAACTATCATTCAAGCCTCAGGCCAAAAGCGTCATTGCGAGCAGGAGCTCGCAACGCCGTTTTGGCCTGCGCCATGAAACCGGCGCACTGAAGCCGAAAAGCACGGCTTCAGTGTCAGAAGGAAGGAAATAGTAACTTGAACGCCCACTCCCTCCATGCT,((((((.((.(((((((((((((((((......((((....))))(((((((((...))))).))))........((((..(((...(((((((((((((((((...(((((((....)))))))))))..))))))))))((((........))))(((((((((((.......))))))))))).....)))...))))))).))))))))))))))))).)).)))))),,,,,10,78,1
AAGCCGGCCGGCAGCATATCCGGGAAAATATTTTCCGGCCTGACGGGGAGTCCCCGCCGGGAGTTAGAAACAGTGGGCATGCAGAATACTGCACCCGTAATCCGCTCCAAAGTACATCCGCACACTTCCGTGTGCACACCGCCTTCGGCTGTACATTTCCGCAGCTTACGGTATCGGTGTATTGTGCCGTCCGGCTT,(((((((.(((((.(....((((((((...))))))))((((.(((((...))))).)))).............(((..(((((....)))))))).......................((((((....))))))((((((((...((((((........))))))...))...))))))...)))))).))))))),,,,,77,36,2
GTAAGTTTCATATTGAACAAAATTTTATCATCTGAAGGAAATATTGAGAATTGGGCCAAAAGTGCCTTTGATGTAATTAAAGACAAAATAGCCCTAATTCATTTTCAGAATGATGATTCATTTTTGAGTAGATTTGCTAATGAGGAAAACACGATAAACTTTAAGAATTTAAGAAAAAAACTTGCGGTGGTAAAGGGATAAATTTACGGATATGAGTTCGTATTCGGTATTAGAATAACAGTTAGTTCTTACCCTTGCCGCCGCTTTTATTATATGAAACCTAC,(((.(((((((((...........((((((.(((((((.........(((((((((......((.(((((((...))))))).)).....)))).))))).)))))))..))))))...................................................................(((((((((.((((.........((((((((....)))))))).....(((((........)))))..))))))))))))).......))))))))).))),,,,,35,93,2
CTCTGGACATTCAATAGCATGGGAGCGATTCGCCCCAATAAAGAAAGGCACTTACTTTATCTAACAAATCCGTCACTACGTTCCGTATTTGTTAGATAAGCGTCGCAAACGACGCTTTGATTTTCGTATTGAATGTCCGGAG,((((((((((((((((...((((.(((...))))))).....................(((((((((((.((..((...))..)).))))))))))).(((((((....)))))))..........)))))))))))))))),,,,,26,19,4
AGAAAGAGTGACTGGATGGAGGTGTATTCGCCTCCCTAAGTAAAGGCATTAACAGCGGCTGTCGAGCGAGTTACTCGTGCACTGCTTTTTCTCGCAACTCGCTCGACAGCCGCCTATAGTGTTAATCTTAGGAGATTTAAATTATGAGCAGTCACTCTTTTT,.(((((((((((((....((((((....))))))((((((....(((((((...(((((((((((((((((.........................)))))))))))))))))...)))))))...))))))................))))))))))))).,,,,,84,31,3
GTGGGAGCCTCAGGCGAGGGTGTGTATCATGCCCATCTGCCAAGATCCTGCAAAGAAGGGCACCGGTCACATGGCCGGCACTCCTTCGGAGCACCGGCCATGTGACCGGCGCAGTACGAAAGCAATTTAAGGCTTTGCTAAGTATGAGGCTCCCAC,((((((((((((((((((((((((...))))))).)).))).....(((.......)))((.((((((((((((((((..((((...))))..)))))))))))))))).))..(((...(((((.........)))))..))))))))))))))),,,,,90,17,4
TGCGGCTTCGTCTTAAATTTTCTAGGTTGTTTCGCCTTGAGAGATTTAATGTGAGCACATCACGCCCCAATCAGCGGTCGTTACAGATTGCCAGTTGGATAGCTCTATACAGATGCGAAAAGTGATTGGACGAAGCCGCA,((((((((((((((((((..((.((((......)))).))...)))))..((((.....))))...(((((..((((((......))))))..)))))...(((((....))).))...........))))))))))))),,,,,82,28,4
TACGGCTCTGCCTTAAATCTGTGAGGTTGTTTCGCCTCGAAGTATCTTATGTTAGTACATCACGCTACCAATCAGCGGTTAGTTACTTGACGTAACTGTTAATTGGCTAAAGTTTGCATAAAGTGATTGGGCGGAGCCGTA,(((((((((((((..((((...(((((......)))))....(.............)..........(((((.(((((((((((....))).)))))))).)))))..................))))))))))))))))),,,,,39,95,2
AAAATGGGTGGATTGTTTAGCGTGAGCGTTACAGCAACGATGGAATTAAATGTGAGAGGGATGTCCGCTGGCTCTTTACATCACATTTACTGTTATTGATATATTGTATTAGATTATTGAAAATAATAATATATGGAATAGGTAGAATCCACCCATTTT,((((((((((((((......(((..((......)).))).......(((((((((.(((((.(((....))))))))...)))))))))((((...(.((((((((....................)))))))).).))))....)))))))))))))),,,,,99,69,3
GCAAACAAGTTGCATTTGAACTTTTGATGGTGATAATCGCTATCATATATTTTAATGTATCTATACATCTCTCTGCACTATTCTCATAGTTGATCCAATTGTCTCATATGGTATCTACGCGATGATTTAGAAAGGTAGAAATGCACTTGTTTGT,(((((((((..((((((..(((((.((((((((...))))))))...........(((......)))........................((((((...........))).)))................)))))..)))))).))))))))),,,,,24,49,3
GCTGAGGGCTCTATGAAAGAGATTAGATATTTGCCACGAAAGTGGCAAGGGGTTCCTTCTGCGGAGCCCAGGGTATGGGAGTTCCTGTGCTCAGATCGCGGAGCAGTCTTTTCATGCTGCGCTTCAGTGCGATCTAGCCCGGGCGATGTCTTAGGGCTAGATCGCACTGATCCCCACCGAGGTGGGTCAAAGTAATGTCTTTCTGGAGTCCTCAGC,(((((((((((((.((((((.((((....((((((((....))))))))(((((((......))))))).(((((((((....))))))))).....(((.((((.........)))).))).(((((((((((((((((((((...))))..)))))))))))))))))..(((((....)))))......)))).))))))))))))))))))),,,,,4,72,3
GCTGAGGACTTCATGATCGAGATTAGACATTTGTCACGAGAGTGGCAAGGGGTTCTGTTTTTGGGACCCTGGATGCGGGAGTTCCTGCATTCGTTTCGCGGAGCTGTATTTTCATGCTGCGCATTAGTGCGCGTTAGCCCAGGCGACGTCTTCAGGCTAACGCGCACTAATCCCCACCGAGGTGGGTCAAAGTAATGTCTTCATGGAGTTCTCAGC,((((((((((((((((..(...........(((((((....)))))))(((((((((....)))))))))(((((((((....))))))))).....(((.(((((......)).))).)))(((((((((((((((((.((((...))))...))))))))))))))))).(((((....)))))............).)))))))))))))))),,,,,88,16,4
GGTGTGCTGATCAGCACTCCGTTCAGCCGTTAAACAATGATGAGTGAAATTCACCGCTTGTTTGACAGAATCTGTTGTGGCTTTTGTTACAACGGATGGGGATGTTGGAGAAACATCTCTGGAAAGATCTGACGCAAAGGCGGCTACGCCGCCCTTCAATGTCATACATTAACGGCCATCGAGGACTCGGAAAATGTATGACACTGATGGCCCCCTGGGCTCAAAGGATAGGTGAATGGAAATCTGGTCAGCACACC,((((((((((((((...((((((((.(((((((((((((.((((.....)))).)).)))))))))...((((((((((((....))))))))))))(((((((((.....)))))))))(((....)))........((((((...))))))..(((.(((((((((((..(((((.....)).).))...))))))))))).)))..((((...))))..........))))))))))...)))))))))))))),,,,,59,100,4
GGTGTGCTGATCGGTATTCTATTCAGCCGTTAAACAAGAATGAGTGATTTATCACCACTTGTTTGACAGATTCTGTTGTAGCTTCTGTTACAATAGATGGGGATGTTGGAGAAACGTCTCTGGCAAGATCTAACGCTAAGGCGGCTACGCCGCCCTTCAATGTCATACCTTATGGGCCTTCGAAGACTCGGAAAATGTACGACACTGATGGCCCCCTGGGCTCAAAGGATAGGTGAATGGAAATCTGGTCAGTACACC,((((((((((((((..(((((((((.((((((((((((..((.((((....))))))))))))))))....(((((((((((....))))))))))).(((((((((.....)))))))))(((..........)))..((((((...))))))...................(((((.........(((.........))).......))))).................)))))))))))..)))))))))))))),,,,,4,78,1
TGAGGGGGGTCCGTGACGTCTAGCGTCTGTCGATGCCGTTGGTGTCGACACCGCCGGGTTGGACCCGGGGCTTATGCAGGCGGCGGGATACCCGCAAGCCTGGACCAAACCCGCGCTTCGCCTCCTGCCGTGAACCGCGCTGCTCCGGCGATGTCTTGGGCGCGGCTCACGGCACGACTGGCGTCGCGGAGGCTCAAAGGTAGATGATCACTGGCTCCCCTCA,(((((((((((.(((((((((((((..((((((((((...)))))))))).)))(((((...)))))(((((....(((((.(((((...)))))..)))))........(((((...((((((.((((((((.(((((((.................))))))).)))))))).))..)))).))))).))))).....)))))).)))).))))))))))),,,,,8,48,3
GCTTAAAATGACGTTATTAGGAAAATGTGTTCTACAAAAATATAAGAAAACAAAATTAAAAGATATAAATTCAAGAAAAAGTATTGATTCCAATCAGTTTATTTACTATCCTCATCAATGTGATGGACATTTTCGATTTCTGGTAGACTGTTGATAAAATACTTGATTAGTAGTTATCAACTGTACAGCTATAACTTGATTGTAGTAGTTGTTCGGAGCTCAGAGTCTGAAGCTCTATGAAATAGCTTAATTTTAGGC,(((((((((...((((((..((((((((..(((...........)))...................................((((((....))))))..............((((.....)))).))))))))............((.((((((((..((((.....)))).)))))))).))((((((((.((......)).))))))))..(((((.(((...)))..)))))....))))))...))))))))),,,,,80,50,1
GACTTGTAGAAACTAGCACGTTGGAGTGTAGTCGCTCCTTGGTTAAGGGTCACTTTAACCACGACTATACGGATAACTCCGTATAGTCGCTTCGAATAGCGTTGCTATTCTCGCGGTTCTTTCAAGGTCGAGATGTCGCGTCACGCAACATCTCGCTCTTGAAGAGAACTTAGGTGTCAGGTATAGAAAGTAGTTTCTACAAGTC,(((((((((((((((((((...((((((....)))))).(((((((((....)))))))))((((((((((((....))))))))))))....(((((((...)))))))....(((((((((((((.((((((((.(((...))).)))))))).)))))).)))))))...)))).............))))))))))))))),,,,,79,48,3
GCCTGCAGAGGCTAGTACGTTGGAGTGTAGTCGCTCCCCGGGTAAGGTTCCCGATAACCAAGTTGTAGTAACTTCAGCGATGAAGCGTGCTGAAGTTACTACACTTACAAAACGCTTCGCGTTTTGACGTGGTCCACCCATCCGCAATTTCGCTGCGCGAAATTACAGATGGGTAAAACAAGTCAAAAGCAAAGCTGCTAAAGTAAAGAAGGTAGCCTCTGCAGGT,((((((((((((((.......((((((....)))))).((((.......))))......(((.((((((((((((((((........))))))))))))))))))).......((((.((.(((((((.((....(((((((...((((((((...))))))))...)))))))....)).))))))))).)))).................)))))))))))))),,,,,71,78,3
GGTAGCAATAAGATAAAAACCTTGCATTTTGATTGGTGGATCGCCAATCTTGTATTCAGACAACGAACGCGTCACTGACTCGAACTTAACTTGTGAAATAGACACCATAGTGCTATTTCCGGTAAAACTTCTGCGAAGTGAAATAGCACTATGGTGTCTATTTCACTGGAGTTGTTCAATTCAGTCATTAGGAGTGTACGAAGGGAAAAAAATCACATCTTATTGTTGCC,((((((((((((((.....((((.......((((((((...)))))))).(((......))).((.((((...(((((...((((..((((((((((((((((((((((((((((((((.......(((((...))))))))))))))))))))))))))))))))..)))))))))...)))))........)))).))))))............)))))))))))))),,,,,70,56,4
GGCGGTAGCGCGACAAAACTACCTTGCAATCCGAGCGGTGGATCGCCGTTCTTGCTTTTAGACTTATCACGCTTCACTGGCCAGATCTTTACTGGGCCGTACTGCACCACCTATCGCTATTGCGGTTTGGTTTCTACGAAACCAATGAGCGATAGGTGGTGCGTACGGCGTCGAGTTGATCAGTCCAGTTCTGAGAATTCTACGAAGGGAAACCATGTCGCGCTACCGC,((((((((((((((......(((.((((...((((((((...))))))))))))....................(((((...((((...(((..(((((((.(((((((((((((((.....(((((.((....)).)))))....))))))))))))))))))))))....))).))))...)))))................))).......)))))))))))))),,,,,30,74,1
TCACGCGCATCTGTAAGCTACGCGAAACAACCTTGCAAACCGGACGATGGTTCGTCGTCCTTGTGCTTAGTCTAACCATGCATCACTAGCCTGCTCTCTACTTTGCGGAGCCACCCCCCGTACTACGGTTTAGTTTCCGTGAAACTAATGACTATGGGGTGCTTGGTGGCTCCGCTGAGTTGAGCAGTCTAGTCCTGAGACCTTTACGAAGGGGTAATTTGCACTTCGATGCGCGTGA,(((((((((((((((((.(((((((.......)))).....((((((((...))))))))..((((.............)))).(((((.((((((...((((.((((((((((((((((((.......((((((((...))))))))....))))))).....))))))))))).)))).)))))).)))))....................))).))))))....))))))))))),,,,,13,23,2
GGTGCGCGGCGGGGCGGGCAGGACGACCGGTGAGGACCGGTTCTCCCGGGGCAACCCCGGGGATCGCACTGTTCCCGAGCATCTCGTCAACCGCCAGGCCGTGCGCTCCGCGCACCTGATGGCGCCTCGATCAGGGGCTGGCTGCCCGCCCCGCCGCGCACT,(((((((((((((((((((((...(((((((....)))))))..(((((((...)))))))..............((((...))))......((((....((((((...))))))....))))(((((.....)))))...))))))))))))))))))))),,,,,44,46,2
CGCCATGCGGCGGCTTGGACACCCAGCGGGTAGCAGGGCTGTGAGGTCGCGGTCCACTGCCTCTCCGGGGTACCCCCGGGGACATCTCATCAGGAGCACACCGTCACGCGAGGCCGCGACCGCGGCATGCCGCGGCACGGGCCACGCAAGACAGGACAGGTGGGGCCACGCCGCCGCATGGCG,((((((((((((((.(((..........(((((..((((((((....)))))))).))))).((((((((...))))))))....(((.....)))....(((((..(((.((((.((.((((((....))))))..)))))).)))..))).))..........))).)))))))))))))),,,,,6,19,2
CGGCGACGCGGAGGTGAGCCGGTGGAGGACCACCCACTCCGGGGCAACCCCGGGGAGCAGCACGACACGTACCCACAGCGCCCCGCGCAGCGGCGGCACGCTCCGCGTACAAGACAGCGCGGATGAACGGAGAACGAGTCGCCTCCGCGTCGCTG,(((((((((((((((((...(((((....)))))..((((((((...))))))))......................(((((((((...)))).)))..))(((((((........)))))))...............))))))))))))))))),,,,,46,13,2
GATGCGGCAGGGCGCGGACGAGTGGGCGGCCCGGCGCGGCGGCTTCGGCCGGCGCGGCGTGGATCGCGGCTCCGGGGCAACCCCGGGGTGCACCATCTCAGCGGGGCATGGCGTCCCGCGCGCCCGGTCACTGCTGGCGCGTGAGTCTGCGCGCGGCGGACAGGAACACAGGTCGGCCGCGCCCTGCCGCATC,(((((((((((((((((.(((..(((((.((((.((((.((((....)))).)))).)).))...((.(((((((((...))))))))))).........(((((((.....))))))).))))).((..((((((.((((((......)))))).))).)))..)).....))).))))))))))))))))),,,,,60,27,4
GTGGGCGGTCGGGGTGAGAGTGGATCGAGAGATCCGTCCCAGGGGCAACCCCTGGGTACATGTGACAGTTGGTTCCTGCGTCCGACGCCGGTCCGCACGCTGCGCGTGCCGGGCGGCGACGAGCACTCGGCTCGTGGTCACCTCGACCGTCCAT,(((((((((((((((((....(((((....)))))((((((((((...)))))))).)).........((((.........)))).((((.(((((((((...)))))).))))))).((((((.....))))))..))))))))))))))))),,,,,1,83,2
GATGGGCGACGGGTGTGGTGAGAGGGGATCGGTTCGATCCGTCTCAGGGGTAACCCCTGGGTACAGTTCACAGTTGGGCCCTGCGTCCGACGCCGTGCAGCACGCTGCACGTGCAGGCCGGCGCCGCATCAAGGTTCTGGTCACCACACCCGTCGGCCATC,(((((.((((((((((((((.....((((((...))))))((((((((((...)))))))).))........(((((((.....)))))))(((((((((....))))))).))..(((((.(((.......))).))))))))))))))))))).))))),,,,,15,3,1
ATGCGGGGTGGGCGAGGCGAGAGTGGGTCGATGCGACCCGTCTCAGGGGTAACCCCTGGGTGCAGTTCACAGTTGGTATCAGCGTCCGACGCCGGACCACATGCTTCGCGTGTCCGGCGGCGCCGCGGACAGGTGCGGTTGGTCGCCCCGCCCGCCCCGCAT,((((((((((((((.(((((....((((((...))))))..((((((((...))))))))...........((((....))))(((((....))))).((((((...))))))(((((.(((((.......))))).)))))))))).)))))))))))))),,,,,10,42,4
GCGACGGTGGCGGGGTGAGAGCGGGTCGGTAGGACCCACCTCAGGGGCAACCCCTGGGAACGACACATCGATCGGGTACAGCGTCCGGAGCCGGCGCGCACGCACCGAGTGCCTCGCGGCACCGCGGACGAGAGATTTCGGTCGCCACGCCACCGTCGC,((((((((((((.(((......(((((.....)))))..((((((((...))))))))...(......).((((((.....((((((..(((..((.((((.......))))..)).)))....))))))......)))))).))).)))))))))))),,,,,37,59,3
GTGCGACGGTGCGGAGGTGAGAGTGGTGTGGCCGGTTCGCCGACCGCGACCACGTCAGGGGTAACCCCTGGCTCGACAGTGTTCACCGGAGACACCGTCCGACGCGCGACCGCATGCTCCGCGTGCTCCGGCGCGCCGCAGACGACAGGTATCGGTCACCTCGCACCGTCGCAC,(((((((((((((.((((((..(((((((((.(((....))).)))).)))))((((((((...))))))))..((......)).((((..((..((((...(((((....((((((...))))))....))))).....))))....)).))))))))))))))))))))))),,,,,54,64,2
AAAAAACATTGTGAAAGATATTTTTGAGTCTTTTGATAAGAATTTAGACATCGAGTACCATATTGTAGGTAAAGAAGTAATTAATTTATCAGTAATTGATTACCTAAATTATATTTTATTCAATATTTTGAAAAGTGATAAAAAAAATGAAAGAATGGAAAAAAATTTTAATCTAATTTCACCAAAAATAGGAATTATTAATATATTGCATAACAATGTTTTTT,((((((((((((....((((....(((((((..............)))).)))..((((........)))).....((((((((((.......))))))))))................((((....))))........................................................................)))).....)))))))))))),,,,,17,16,1
AAAAACCTTATTATTTAACTTTTTGTTGTTGTTCCTGCAACAAGTAGAAAAAGAATAAAAGGCATTCTTCTTCAAAATGATTCTTTCTGAAACCACAAGGTGAGCAGAATGAGGCTTAACGAAACATAGTTGGCTGAAGATTAAGTGAAAAAAATAAGGTTTTT,((((((((((((......(((((((((........(((.....))).......)))))))))......(((((........((.(((((..(((....)))...))))).)).(((.(((........)))))).)))))............)))))))))))),,,,,100,42,1
ATAGATTCAGGTACATGTTATAGTATGACTCAGCCCTTGAAAGAATGAGAAATGGTTATATTAGAAATGAATGTTAAAACTTCGTAATAAAATAGAAAAACAATAAGTGAAAATAATAAGGTGTTTTGTGTTTTTTAAAAACTTTTTACGTAATACAACGAAACATGTTCTGAATCTAT,(((((((((((.(((((((.(((((((((.((...(((........)))...)))))))))))...(((((.((....)))))))...............................................................(((......))).)))))))))))))))))),,,,,90,14,1
TCGTGCAACGCGCAGGCTCTTGCAACCCGGACGGTGTTTCGCCGTCCATGACCTTTGCCGTTTCATGCGCCACGGGGGACCGTTTTCACTGTGCCGAACATTGGCCTGCTGTGCACTTACGAAGAGGCTTGCGACAAGCCAATTGCACAGCAGGCCAAGTTCGGCGTCGAGTGAACAGCCCCCGTCCCGTGAGCCTTGCAGGCTCTTCGACGAGAAGCGCGTTGCACGA,(((((((((((((...............((((((((...))))))))...................(((..(((((((......(((((((((((((((.(((((((((((((((..........((((((...))))))...))))))))))))))))))))))).).))))))...)))))))..)))((((((...)))))).((.....)).))))))))))))),,,,,38,8,1